"ID","Kingdom","Phylum","Class","Order","Family","Genus","Species","mean","Label"
"ASV_1","Bacteria","Bacteroidetes","Sphingobacteriia","Sphingobacteriales","Chitinophagaceae","Unassigned","Unassigned",0.0437161680170328,"ASV_1"
"ASV_10","Bacteria","Proteobacteria","Betaproteobacteria","Burkholderiales","Burkholderiaceae","Ralstonia","Ralstonia_pickettii",0.00581876302706934,"ASV_10"
"ASV_101","Bacteria","Acidobacteria","Acidobacteria_Gp2","Unassigned","Unassigned","Gp2","Unassigned",0.00127038348218893,"ASV_101"
"ASV_104","Bacteria","Proteobacteria","Alphaproteobacteria","Rhizobiales","Xanthobacteraceae","Pseudolabrys","Pseudolabrys_taiwanensis",0.000814782158610903,"ASV_104"
"ASV_105","Bacteria","Unassigned","Unassigned","Unassigned","Unassigned","Unassigned","Unassigned",0.00142563310911952,"ASV_105"
"ASV_106","Bacteria","Proteobacteria","Alphaproteobacteria","Rhizobiales","Xanthobacteraceae","Pseudolabrys","Pseudolabrys_taiwanensis",0.000905602465179405,"ASV_106"
"ASV_107","Bacteria","Actinobacteria","Actinobacteria","Gaiellales","Gaiellaceae","Gaiella","Gaiella_occulta",0.00146887719873102,"ASV_107"
"ASV_109","Bacteria","Proteobacteria","Betaproteobacteria","Burkholderiales","Unassigned","Unassigned","Unassigned",0.00122557065296567,"ASV_109"
"ASV_11","Bacteria","Proteobacteria","Alphaproteobacteria","Rhodospirillales","Rhodospirillaceae","Unassigned","Unassigned",0.00400578491268731,"ASV_11"
"ASV_111","Bacteria","Proteobacteria","Alphaproteobacteria","Sphingomonadales","Sphingomonadaceae","Sphingobium","Unassigned",0.00202573644051897,"ASV_111"
"ASV_114","Bacteria","Proteobacteria","Betaproteobacteria","Nitrosomonadales","Nitrosomonadaceae","Nitrosospira","Unassigned",0.00124431543540681,"ASV_114"
"ASV_116","Bacteria","Proteobacteria","Betaproteobacteria","Unassigned","Unassigned","Unassigned","Unassigned",0.00132124770609095,"ASV_116"
"ASV_117","Bacteria","Proteobacteria","Gammaproteobacteria","Unassigned","Unassigned","Unassigned","Unassigned",0.00072984416362481,"ASV_117"
"ASV_118","Bacteria","Cyanobacteria","Chloroplast","Unassigned","Chloroplast","Streptophyta","Unassigned",0.000840898876988379,"ASV_118"
"ASV_12","Bacteria","Proteobacteria","Gammaproteobacteria","Unassigned","Unassigned","Unassigned","Unassigned",0.00129005021755111,"ASV_12"
"ASV_122","Bacteria","Unassigned","Unassigned","Unassigned","Unassigned","Unassigned","Unassigned",0.000858682303205584,"ASV_122"
"ASV_123","Bacteria","Bacteroidetes","Sphingobacteriia","Sphingobacteriales","Chitinophagaceae","Flavitalea","Flavitalea_gansuensis",0.000845779379993993,"ASV_123"
"ASV_124","Bacteria","Acidobacteria","Acidobacteria_Gp16","Unassigned","Unassigned","Gp16","Unassigned",0.00108941522218973,"ASV_124"
"ASV_127","Bacteria","Unassigned","Unassigned","Unassigned","Unassigned","Unassigned","Unassigned",0.00320349618966029,"ASV_127"
"ASV_128","Bacteria","Acidobacteria","Acidobacteria_Gp2","Unassigned","Unassigned","Gp2","Unassigned",0.000994495070841886,"ASV_128"
"ASV_13","Archaea","Thaumarchaeota","Unassigned","Nitrososphaerales","Nitrososphaeraceae","Nitrososphaera","Unassigned",0.00597079817051391,"ASV_13"
"ASV_1301","Archaea","Thaumarchaeota","Unassigned","Nitrososphaerales","Nitrososphaeraceae","Nitrososphaera","Unassigned",0.000739967066226862,"ASV_1301"
"ASV_1305","Bacteria","Proteobacteria","Alphaproteobacteria","Rhodospirillales","Unassigned","Unassigned","Unassigned",0.000712889468171761,"ASV_1305"
"ASV_131","Bacteria","Proteobacteria","Gammaproteobacteria","Pseudomonadales","Pseudomonadaceae","Pseudomonas","Pseudomonas_corrugata",0.00580360448517579,"ASV_131"
"ASV_132","Bacteria","Actinobacteria","Actinobacteria","Gaiellales","Gaiellaceae","Gaiella","Gaiella_occulta",0.00209822926644391,"ASV_132"
"ASV_134","Bacteria","candidate_division_WPS-1","Unassigned","Unassigned","Unassigned","WPS-1_genera_incertae_sedis","Unassigned",0.00334497903363224,"ASV_134"
"ASV_135","Bacteria","Proteobacteria","Alphaproteobacteria","Rhizobiales","Unassigned","Unassigned","Unassigned",0.000744121800382687,"ASV_135"
"ASV_136","Bacteria","Unassigned","Unassigned","Unassigned","Unassigned","Unassigned","Unassigned",0.00160525829903269,"ASV_136"
"ASV_137","Bacteria","Chloroflexi","Unassigned","Unassigned","Unassigned","Unassigned","Unassigned",0.00079719318663231,"ASV_137"
"ASV_1378","Bacteria","Proteobacteria","Betaproteobacteria","Burkholderiales","Burkholderiales_incertae_sedis","Aquabacterium","Aquabacterium_limnoticum",0.000946412135270456,"ASV_1378"
"ASV_138","Bacteria","Proteobacteria","Alphaproteobacteria","Sphingomonadales","Sphingomonadaceae","Unassigned","Unassigned",0.00143236612499453,"ASV_138"
"ASV_139","Bacteria","Acidobacteria","Acidobacteria_Gp3","Unassigned","Unassigned","Gp3","Unassigned",0.00077798082370213,"ASV_139"
"ASV_141","Bacteria","Proteobacteria","Betaproteobacteria","Unassigned","Unassigned","Unassigned","Unassigned",0.000800088160015324,"ASV_141"
"ASV_142","Bacteria","Proteobacteria","Gammaproteobacteria","Xanthomonadales","Xanthomonadaceae","Arenimonas","Arenimonas_daechungensis",0.000895080978963989,"ASV_142"
"ASV_144","Bacteria","Proteobacteria","Gammaproteobacteria","Unassigned","Unassigned","Unassigned","Unassigned",0.000839170697202481,"ASV_144"
"ASV_145","Bacteria","Proteobacteria","Alphaproteobacteria","Alphaproteobacteria_incertae_sedis","Unassigned","Rhizomicrobium","Unassigned",0.00068433777230255,"ASV_145"
"ASV_148","Bacteria","Proteobacteria","Betaproteobacteria","Burkholderiales","Burkholderiaceae","Burkholderia","Burkholderia_ubonensis",0.00337122923951797,"ASV_148"
"ASV_149","Bacteria","Unassigned","Unassigned","Unassigned","Unassigned","Unassigned","Unassigned",0.00130926878642538,"ASV_149"
"ASV_15","Bacteria","Acidobacteria","Acidobacteria_Gp1","Unassigned","Unassigned","Gp1","Unassigned",0.00200716659106891,"ASV_15"
"ASV_153","Bacteria","Proteobacteria","Betaproteobacteria","Unassigned","Unassigned","Unassigned","Unassigned",0.00128101807463204,"ASV_153"
"ASV_155","Bacteria","Gemmatimonadetes","Gemmatimonadetes","Gemmatimonadales","Gemmatimonadaceae","Gemmatimonas","Gemmatimonas_aurantiaca",0.00146367546844099,"ASV_155"
"ASV_156","Bacteria","Acidobacteria","Acidobacteria_Gp1","Unassigned","Unassigned","Gp1","Unassigned",0.000707806428697287,"ASV_156"
"ASV_157","Bacteria","Proteobacteria","Gammaproteobacteria","Chromatiales","Chromatiaceae","Unassigned","Unassigned",0.000979175163725347,"ASV_157"
"ASV_16","Bacteria","Acidobacteria","Acidobacteria_Gp2","Unassigned","Unassigned","Gp2","Unassigned",0.000885608650290381,"ASV_16"
"ASV_162","Bacteria","Verrucomicrobia","Subdivision3","Unassigned","Unassigned","Subdivision3_genera_incertae_sedis","Unassigned",0.00119429258483878,"ASV_162"
"ASV_165","Bacteria","Bacteroidetes","Sphingobacteriia","Sphingobacteriales","Chitinophagaceae","Terrimonas","Unassigned",0.00146231502757115,"ASV_165"
"ASV_17","Bacteria","Proteobacteria","Alphaproteobacteria","Sphingomonadales","Sphingomonadaceae","Sphingomonas","Unassigned",0.0041862887882124,"ASV_17"
"ASV_1722","Bacteria","Acidobacteria","Acidobacteria_Gp7","Unassigned","Unassigned","Gp7","Unassigned",0.00110306463486787,"ASV_1722"
"ASV_174","Bacteria","Proteobacteria","Betaproteobacteria","Burkholderiales","Comamonadaceae","Ramlibacter","Unassigned",0.000776864578888435,"ASV_174"
"ASV_18","Bacteria","Proteobacteria","Gammaproteobacteria","Xanthomonadales","Sinobacteraceae","Steroidobacter","Unassigned",0.00295913986191075,"ASV_18"
"ASV_180","Bacteria","Proteobacteria","Alphaproteobacteria","Sphingomonadales","Sphingomonadaceae","Novosphingobium","Unassigned",0.00138290962633774,"ASV_180"
"ASV_185","Bacteria","Proteobacteria","Betaproteobacteria","Burkholderiales","Burkholderiaceae","Burkholderia","Unassigned",0.00291872009136601,"ASV_185"
"ASV_188","Bacteria","Bacteroidetes","Cytophagia","Cytophagales","Unassigned","Chryseolinea","Chryseolinea_serpens",0.00143287955067971,"ASV_188"
"ASV_189","Bacteria","Proteobacteria","Alphaproteobacteria","Rhizobiales","Unassigned","Unassigned","Unassigned",0.000754479939837951,"ASV_189"
"ASV_19","Bacteria","Acidobacteria","Acidobacteria_Gp1","Unassigned","Unassigned","Telmatobacter","Telmatobacter_bradus",0.00222896238742047,"ASV_19"
"ASV_191","Bacteria","Proteobacteria","Betaproteobacteria","Burkholderiales","Comamonadaceae","Unassigned","Unassigned",0.00114041419594939,"ASV_191"
"ASV_192","Bacteria","Bacteroidetes","Sphingobacteriia","Sphingobacteriales","Chitinophagaceae","Niastella","Niastella_yeongjuensis",0.000950932252200745,"ASV_192"
"ASV_194","Bacteria","Proteobacteria","Alphaproteobacteria","Rhizobiales","Unassigned","Unassigned","Unassigned",0.000743034094227961,"ASV_194"
"ASV_196","Bacteria","Proteobacteria","Deltaproteobacteria","Desulfuromonadales","Geobacteraceae","Geobacter","Unassigned",0.00195406329439591,"ASV_196"
"ASV_2","Bacteria","Proteobacteria","Gammaproteobacteria","Unassigned","Unassigned","Unassigned","Unassigned",0.00542064980336962,"ASV_2"
"ASV_20","Bacteria","Proteobacteria","Alphaproteobacteria","Sphingomonadales","Sphingomonadaceae","Sphingomonas","Sphingomonas_jaspsi",0.0034530822234931,"ASV_20"
"ASV_204","Bacteria","Acidobacteria","Acidobacteria_Gp1","Unassigned","Unassigned","Gp1","Unassigned",0.00157240527969188,"ASV_204"
"ASV_21","Archaea","Thaumarchaeota","Unassigned","Nitrososphaerales","Nitrososphaeraceae","Nitrososphaera","Unassigned",0.00197405107443442,"ASV_21"
"ASV_210","Bacteria","Actinobacteria","Actinobacteria","Gaiellales","Gaiellaceae","Gaiella","Gaiella_occulta",0.000866836669894176,"ASV_210"
"ASV_214","Bacteria","Planctomycetes","Planctomycetia","Planctomycetales","Planctomycetaceae","Unassigned","Unassigned",0.00291371827544866,"ASV_214"
"ASV_217","Bacteria","Proteobacteria","Betaproteobacteria","Neisseriales","Neisseriaceae","Crenobacter","Crenobacter_luteus",0.00141110486641581,"ASV_217"
"ASV_218","Bacteria","Gemmatimonadetes","Gemmatimonadetes","Gemmatimonadales","Gemmatimonadaceae","Gemmatimonas","Gemmatimonas_aurantiaca",0.000757764867554863,"ASV_218"
"ASV_219","Bacteria","Gemmatimonadetes","Gemmatimonadetes","Gemmatimonadales","Gemmatimonadaceae","Gemmatimonas","Gemmatimonas_aurantiaca",0.00172203227280984,"ASV_219"
"ASV_22","Bacteria","Nitrospirae","Nitrospira","Nitrospirales","Nitrospiraceae","Nitrospira","Unassigned",0.00355338331235701,"ASV_22"
"ASV_221","Bacteria","Verrucomicrobia","Subdivision3","Unassigned","Unassigned","Subdivision3_genera_incertae_sedis","Unassigned",0.000942000888484502,"ASV_221"
"ASV_223","Bacteria","Unassigned","Unassigned","Unassigned","Unassigned","Unassigned","Unassigned",0.00093171039525742,"ASV_223"
"ASV_226","Bacteria","Actinobacteria","Actinobacteria","Actinomycetales","Micrococcaceae","Arthrobacter","Arthrobacter_ramosus",0.000980481105295422,"ASV_226"
"ASV_239","Bacteria","Proteobacteria","Alphaproteobacteria","Rhizobiales","Xanthobacteraceae","Pseudolabrys","Pseudolabrys_taiwanensis",0.000830753975181109,"ASV_239"
"ASV_24","Bacteria","Unassigned","Unassigned","Unassigned","Unassigned","Unassigned","Unassigned",0.00245026848153829,"ASV_24"
"ASV_240","Bacteria","Actinobacteria","Actinobacteria","Gaiellales","Gaiellaceae","Gaiella","Gaiella_occulta",0.000842414744682288,"ASV_240"
"ASV_245","Bacteria","Proteobacteria","Alphaproteobacteria","Rhizobiales","Bradyrhizobiaceae","Bradyrhizobium","Unassigned",0.000863629978410909,"ASV_245"
"ASV_247","Bacteria","Acidobacteria","Acidobacteria_Gp3","Unassigned","Unassigned","Gp3","Unassigned",0.000698888177609719,"ASV_247"
"ASV_25","Bacteria","Proteobacteria","Betaproteobacteria","Unassigned","Unassigned","Unassigned","Unassigned",0.00260639423865705,"ASV_25"
"ASV_253","Bacteria","Proteobacteria","Gammaproteobacteria","Pseudomonadales","Pseudomonadaceae","Pseudomonas","Pseudomonas_granadensis",0.00293025816333003,"ASV_253"
"ASV_255","Bacteria","Candidatus_Saccharibacteria","Unassigned","Unassigned","Unassigned","Saccharibacteria_genera_incertae_sedis","Unassigned",0.00228118464833599,"ASV_255"
"ASV_2564","Unassigned","Unassigned","Unassigned","Unassigned","Unassigned","Unassigned","Unassigned",0.000769061457867479,"ASV_2564"
"ASV_265","Bacteria","Unassigned","Unassigned","Unassigned","Unassigned","Unassigned","Unassigned",0.00155547370152553,"ASV_265"
"ASV_268","Bacteria","Proteobacteria","Betaproteobacteria","Unassigned","Unassigned","Unassigned","Unassigned",0.00407596214256645,"ASV_268"
"ASV_27","Bacteria","Acidobacteria","Acidobacteria_Gp1","Unassigned","Unassigned","Gp1","Unassigned",0.00124423431129123,"ASV_27"
"ASV_273","Bacteria","Firmicutes","Bacilli","Bacillales","Bacillaceae_1","Bacillus","Bacillus_qingshengii",0.00252412805431576,"ASV_273"
"ASV_276","Bacteria","Proteobacteria","Betaproteobacteria","Burkholderiales","Burkholderiaceae","Burkholderia","Unassigned",0.00229514224421533,"ASV_276"
"ASV_278","Unassigned","Unassigned","Unassigned","Unassigned","Unassigned","Unassigned","Unassigned",0.00131542409238032,"ASV_278"
"ASV_28","Bacteria","Proteobacteria","Alphaproteobacteria","Rhizobiales","Unassigned","Unassigned","Unassigned",0.00183951598484729,"ASV_28"
"ASV_284","Bacteria","Proteobacteria","Alphaproteobacteria","Rhizobiales","Hyphomicrobiaceae","Unassigned","Unassigned",0.000841359031302799,"ASV_284"
"ASV_29","Bacteria","Acidobacteria","Acidobacteria_Gp13","Unassigned","Unassigned","Gp13","Unassigned",0.00797154158631436,"ASV_29"
"ASV_298","Bacteria","Proteobacteria","Betaproteobacteria","Unassigned","Unassigned","Unassigned","Unassigned",0.00166708459404783,"ASV_298"
"ASV_299","Bacteria","Proteobacteria","Alphaproteobacteria","Sphingomonadales","Sphingomonadaceae","Novosphingobium","Novosphingobium_lentum",0.0013813128640404,"ASV_299"
"ASV_3","Bacteria","Proteobacteria","Betaproteobacteria","Burkholderiales","Burkholderiaceae","Burkholderia","Burkholderia_soli",0.00622335921702895,"ASV_3"
"ASV_30","Bacteria","Acidobacteria","Acidobacteria_Gp3","Unassigned","Unassigned","Gp3","Unassigned",0.00172269694433416,"ASV_30"
"ASV_304","Bacteria","Proteobacteria","Alphaproteobacteria","Rhizobiales","Unassigned","Unassigned","Unassigned",0.000777481775388454,"ASV_304"
"ASV_31","Bacteria","Proteobacteria","Alphaproteobacteria","Rhizobiales","Bradyrhizobiaceae","Bradyrhizobium","Bradyrhizobium_daqingense",0.00173671888320495,"ASV_31"
"ASV_310","Bacteria","Proteobacteria","Betaproteobacteria","Unassigned","Unassigned","Unassigned","Unassigned",0.000795405339705323,"ASV_310"
"ASV_312","Bacteria","Proteobacteria","Gammaproteobacteria","Enterobacteriales","Enterobacteriaceae","Unassigned","Unassigned",0.00268264198781499,"ASV_312"
"ASV_32","Bacteria","Proteobacteria","Alphaproteobacteria","Rhizobiales","Bradyrhizobiaceae","Bradyrhizobium","Unassigned",0.00268892478814971,"ASV_32"
"ASV_326","Bacteria","Chlamydiae","Chlamydiia","Chlamydiales","Parachlamydiaceae","Unassigned","Unassigned",0.00095494031473261,"ASV_326"
"ASV_328","Bacteria","Unassigned","Unassigned","Unassigned","Unassigned","Unassigned","Unassigned",0.000695988306906279,"ASV_328"
"ASV_33","Bacteria","Proteobacteria","Alphaproteobacteria","Rhizobiales","Unassigned","Unassigned","Unassigned",0.00239347773825794,"ASV_33"
"ASV_34","Bacteria","Proteobacteria","Gammaproteobacteria","Xanthomonadales","Xanthomonadaceae","Unassigned","Unassigned",0.00307783787655936,"ASV_34"
"ASV_348","Bacteria","Acidobacteria","Acidobacteria_Gp1","Unassigned","Unassigned","Gp1","Unassigned",0.000855153870094612,"ASV_348"
"ASV_35","Bacteria","Proteobacteria","Betaproteobacteria","Burkholderiales","Burkholderiaceae","Burkholderia","Burkholderia_caribensis",0.00379641774532588,"ASV_35"
"ASV_359","Bacteria","Proteobacteria","Betaproteobacteria","Neisseriales","Neisseriaceae","Pseudogulbenkiania","Pseudogulbenkiania_gefcensis",0.00165497736147322,"ASV_359"
"ASV_36","Bacteria","Proteobacteria","Alphaproteobacteria","Sphingomonadales","Sphingomonadaceae","Sphingomonas","Unassigned",0.00201355414263255,"ASV_36"
"ASV_364","Bacteria","Unassigned","Unassigned","Unassigned","Unassigned","Unassigned","Unassigned",0.00134071918969307,"ASV_364"
"ASV_376","Bacteria","Proteobacteria","Gammaproteobacteria","Pseudomonadales","Pseudomonadaceae","Pseudomonas","Pseudomonas_panipatensis",0.000807045256797521,"ASV_376"
"ASV_38","Bacteria","Proteobacteria","Alphaproteobacteria","Rhizobiales","Phyllobacteriaceae","Mesorhizobium","Mesorhizobium_silamurunense",0.00153144528367216,"ASV_38"
"ASV_386","Bacteria","Proteobacteria","Betaproteobacteria","Burkholderiales","Oxalobacteraceae","Herbaspirillum","Herbaspirillum_aquaticum",0.00243084120708638,"ASV_386"
"ASV_39","Bacteria","Proteobacteria","Betaproteobacteria","Unassigned","Unassigned","Unassigned","Unassigned",0.00227385058913589,"ASV_39"
"ASV_397","Bacteria","Proteobacteria","Alphaproteobacteria","Unassigned","Unassigned","Unassigned","Unassigned",0.000965448538536035,"ASV_397"
"ASV_4","Bacteria","Proteobacteria","Alphaproteobacteria","Rhodospirillales","Acetobacteraceae","Acidocella","Unassigned",0.00219573932196866,"ASV_4"
"ASV_40","Bacteria","Proteobacteria","Betaproteobacteria","Unassigned","Unassigned","Unassigned","Unassigned",0.00193723419634537,"ASV_40"
"ASV_400","Bacteria","Proteobacteria","Gammaproteobacteria","Pseudomonadales","Pseudomonadaceae","Pseudomonas","Pseudomonas_composti",0.00273791191834866,"ASV_400"
"ASV_41","Bacteria","Proteobacteria","Betaproteobacteria","Unassigned","Unassigned","Unassigned","Unassigned",0.00301939443356134,"ASV_41"
"ASV_417","Bacteria","Acidobacteria","Acidobacteria_Gp3","Unassigned","Unassigned","Gp3","Unassigned",0.00139715823839762,"ASV_417"
"ASV_418","Bacteria","Proteobacteria","Alphaproteobacteria","Alphaproteobacteria_incertae_sedis","Unassigned","Rhizomicrobium","Unassigned",0.000813497974618357,"ASV_418"
"ASV_42","Bacteria","Proteobacteria","Gammaproteobacteria","Xanthomonadales","Xanthomonadaceae","Unassigned","Unassigned",0.00139981782375179,"ASV_42"
"ASV_423","Bacteria","Actinobacteria","Actinobacteria","Gaiellales","Gaiellaceae","Gaiella","Gaiella_occulta",0.000948580362885703,"ASV_423"
"ASV_44","Bacteria","Acidobacteria","Acidobacteria_Gp6","Unassigned","Unassigned","Gp6","Unassigned",0.00181082129118827,"ASV_44"
"ASV_45","Bacteria","Proteobacteria","Alphaproteobacteria","Rhizobiales","Unassigned","Unassigned","Unassigned",0.00178451525470016,"ASV_45"
"ASV_450","Bacteria","Acidobacteria","Acidobacteria_Gp4","Unassigned","Unassigned","Aridibacter","Unassigned",0.000855380182889212,"ASV_450"
"ASV_46","Bacteria","Proteobacteria","Betaproteobacteria","Burkholderiales","Burkholderiaceae","Burkholderia","Unassigned",0.00247953489022464,"ASV_46"
"ASV_462","Bacteria","Gemmatimonadetes","Gemmatimonadetes","Gemmatimonadales","Gemmatimonadaceae","Gemmatimonas","Gemmatimonas_aurantiaca",0.000939741491842539,"ASV_462"
"ASV_466","Bacteria","Bacteroidetes","Sphingobacteriia","Sphingobacteriales","Chitinophagaceae","Terrimonas","Terrimonas_lutea",0.000872905085204881,"ASV_466"
"ASV_47","Bacteria","Proteobacteria","Betaproteobacteria","Unassigned","Unassigned","Unassigned","Unassigned",0.00208224605385101,"ASV_47"
"ASV_470","Bacteria","Verrucomicrobia","Subdivision3","Unassigned","Unassigned","Subdivision3_genera_incertae_sedis","Unassigned",0.000764876322627322,"ASV_470"
"ASV_48","Bacteria","Proteobacteria","Alphaproteobacteria","Sphingomonadales","Sphingomonadaceae","Unassigned","Unassigned",0.00167725103327157,"ASV_48"
"ASV_49","Bacteria","Firmicutes","Bacilli","Bacillales","Bacillaceae_1","Bacillus","Bacillus_vireti",0.00206539503707874,"ASV_49"
"ASV_492","Bacteria","Acidobacteria","Acidobacteria_Gp16","Unassigned","Unassigned","Gp16","Unassigned",0.00178493988399086,"ASV_492"
"ASV_498","Bacteria","Bacteroidetes","Sphingobacteriia","Sphingobacteriales","Chitinophagaceae","Terrimonas","Terrimonas_arctica",0.000755574166335294,"ASV_498"
"ASV_5","Bacteria","Verrucomicrobia","Spartobacteria","Unassigned","Unassigned","Spartobacteria_genera_incertae_sedis","Unassigned",0.00411149820713515,"ASV_5"
"ASV_50","Bacteria","Proteobacteria","Alphaproteobacteria","Rhizobiales","Unassigned","Unassigned","Unassigned",0.00169963865528061,"ASV_50"
"ASV_503","Bacteria","Proteobacteria","Betaproteobacteria","Burkholderiales","Burkholderiaceae","Burkholderia","Burkholderia_heleia",0.00112047112699386,"ASV_503"
"ASV_504","Bacteria","Bacteroidetes","Sphingobacteriia","Sphingobacteriales","Chitinophagaceae","Terrimonas","Terrimonas_rubra",0.000890211369853678,"ASV_504"
"ASV_506","Bacteria","Bacteroidetes","Sphingobacteriia","Sphingobacteriales","Chitinophagaceae","Terrimonas","Terrimonas_arctica",0.000716523753971112,"ASV_506"
"ASV_508","Bacteria","Unassigned","Unassigned","Unassigned","Unassigned","Unassigned","Unassigned",0.000670785302385743,"ASV_508"
"ASV_51","Bacteria","Proteobacteria","Alphaproteobacteria","Sphingomonadales","Sphingomonadaceae","Novosphingobium","Novosphingobium_arabidopsis",0.00333172880233093,"ASV_51"
"ASV_52","Bacteria","Proteobacteria","Betaproteobacteria","Burkholderiales","Oxalobacteraceae","Pseudoduganella","Pseudoduganella_violaceinigra",0.00473825429347936,"ASV_52"
"ASV_524","Bacteria","Acidobacteria","Acidobacteria_Gp4","Unassigned","Unassigned","Gp4","Unassigned",0.00069852384205066,"ASV_524"
"ASV_53","Bacteria","Proteobacteria","Betaproteobacteria","Neisseriales","Neisseriaceae","Unassigned","Unassigned",0.00720745334142721,"ASV_53"
"ASV_536","Bacteria","Firmicutes","Unassigned","Unassigned","Unassigned","Unassigned","Unassigned",0.00114434839626945,"ASV_536"
"ASV_54","Bacteria","Proteobacteria","Gammaproteobacteria","Unassigned","Unassigned","Unassigned","Unassigned",0.00200356466534788,"ASV_54"
"ASV_542","Bacteria","Acidobacteria","Acidobacteria_Gp3","Unassigned","Unassigned","Candidatus_Solibacter","Unassigned",0.0011506443181874,"ASV_542"
"ASV_55","Bacteria","Proteobacteria","Alphaproteobacteria","Caulobacterales","Caulobacteraceae","Phenylobacterium","Phenylobacterium_muchangponense",0.00240393376693615,"ASV_55"
"ASV_555","Bacteria","Armatimonadetes","Unassigned","Unassigned","Unassigned","Armatimonadetes_gp5","Unassigned",0.000993394328466689,"ASV_555"
"ASV_57","Bacteria","Proteobacteria","Alphaproteobacteria","Rhizobiales","Phyllobacteriaceae","Mesorhizobium","Unassigned",0.0016564429373999,"ASV_57"
"ASV_59","Bacteria","Acidobacteria","Acidobacteria_Gp1","Unassigned","Unassigned","Telmatobacter","Telmatobacter_bradus",0.00129139831578789,"ASV_59"
"ASV_6","Bacteria","Proteobacteria","Gammaproteobacteria","Xanthomonadales","Xanthomonadaceae","Unassigned","Unassigned",0.00119294073459362,"ASV_6"
"ASV_60","Bacteria","Proteobacteria","Alphaproteobacteria","Sphingomonadales","Sphingomonadaceae","Novosphingobium","Novosphingobium_resinovorum",0.00374234566832557,"ASV_60"
"ASV_61","Bacteria","Actinobacteria","Actinobacteria","Gaiellales","Gaiellaceae","Gaiella","Gaiella_occulta",0.0023083325524094,"ASV_61"
"ASV_62","Bacteria","Proteobacteria","Betaproteobacteria","Unassigned","Unassigned","Unassigned","Unassigned",0.00121156589288506,"ASV_62"
"ASV_623","Unassigned","Unassigned","Unassigned","Unassigned","Unassigned","Unassigned","Unassigned",0.00286350255493898,"ASV_623"
"ASV_63","Bacteria","Unassigned","Unassigned","Unassigned","Unassigned","Unassigned","Unassigned",0.0011205400784181,"ASV_63"
"ASV_64","Bacteria","Proteobacteria","Alphaproteobacteria","Alphaproteobacteria_incertae_sedis","Unassigned","Rhizomicrobium","Unassigned",0.00218191506489986,"ASV_64"
"ASV_65","Bacteria","Gemmatimonadetes","Gemmatimonadetes","Gemmatimonadales","Gemmatimonadaceae","Gemmatimonas","Gemmatimonas_aurantiaca",0.00158052829286512,"ASV_65"
"ASV_66","Bacteria","Firmicutes","Bacilli","Bacillales","Bacillaceae_1","Bacillus","Bacillus_funiculus",0.0102386933737458,"ASV_66"
"ASV_67","Bacteria","Proteobacteria","Alphaproteobacteria","Sphingomonadales","Sphingomonadaceae","Novosphingobium","Unassigned",0.00272829496122338,"ASV_67"
"ASV_672","Bacteria","Actinobacteria","Actinobacteria","Actinomycetales","Micromonosporaceae","Unassigned","Unassigned",0.000690330031617899,"ASV_672"
"ASV_674","Unassigned","Unassigned","Unassigned","Unassigned","Unassigned","Unassigned","Unassigned",0.00083440589553566,"ASV_674"
"ASV_678","Bacteria","Proteobacteria","Alphaproteobacteria","Rhizobiales","Rhizobiaceae","Unassigned","Unassigned",0.000746355977759651,"ASV_678"
"ASV_68","Bacteria","Proteobacteria","Alphaproteobacteria","Rhodospirillales","Rhodospirillaceae","Unassigned","Unassigned",0.00193177523178212,"ASV_68"
"ASV_69","Bacteria","Proteobacteria","Alphaproteobacteria","Rhizobiales","Hyphomicrobiaceae","Devosia","Devosia_insulae",0.00192807591629001,"ASV_69"
"ASV_7","Bacteria","Proteobacteria","Alphaproteobacteria","Sphingomonadales","Sphingomonadaceae","Unassigned","Unassigned",0.00662574095799806,"ASV_7"
"ASV_70","Bacteria","Gemmatimonadetes","Gemmatimonadetes","Gemmatimonadales","Gemmatimonadaceae","Gemmatimonas","Gemmatimonas_aurantiaca",0.00184663579463257,"ASV_70"
"ASV_71","Bacteria","Proteobacteria","Alphaproteobacteria","Rhizobiales","Rhizobiaceae","Rhizobium","Rhizobium_laguerreae",0.00187125060526989,"ASV_71"
"ASV_716","Bacteria","Proteobacteria","Alphaproteobacteria","Rhizobiales","Rhizobiaceae","Ensifer","Ensifer_sesbaniae",0.00112437718989964,"ASV_716"
"ASV_72","Bacteria","Proteobacteria","Gammaproteobacteria","Xanthomonadales","Xanthomonadaceae","Unassigned","Unassigned",0.0014056141763888,"ASV_72"
"ASV_725","Bacteria","Unassigned","Unassigned","Unassigned","Unassigned","Unassigned","Unassigned",0.0011246913030477,"ASV_725"
"ASV_729","Bacteria","Bacteroidetes","Sphingobacteriia","Sphingobacteriales","Sphingobacteriaceae","Solitalea","Solitalea_koreensis",0.000716636314975439,"ASV_729"
"ASV_73","Bacteria","Acidobacteria","Acidobacteria_Gp3","Unassigned","Unassigned","Gp3","Unassigned",0.00124731728452285,"ASV_73"
"ASV_74","Bacteria","Proteobacteria","Betaproteobacteria","Unassigned","Unassigned","Unassigned","Unassigned",0.00134684915963921,"ASV_74"
"ASV_75","Bacteria","Proteobacteria","Alphaproteobacteria","Rhodospirillales","Rhodospirillaceae","Unassigned","Unassigned",0.00117971656345036,"ASV_75"
"ASV_76","Bacteria","Proteobacteria","Alphaproteobacteria","Rhodospirillales","Unassigned","Unassigned","Unassigned",0.0007476245214462,"ASV_76"
"ASV_763","Bacteria","Firmicutes","Bacilli","Bacillales","Bacillaceae_1","Bacillus","Unassigned",0.00123051375106869,"ASV_763"
"ASV_767","Bacteria","Proteobacteria","Gammaproteobacteria","Xanthomonadales","Xanthomonadaceae","Unassigned","Unassigned",0.000947968460374301,"ASV_767"
"ASV_77","Bacteria","Proteobacteria","Alphaproteobacteria","Sphingomonadales","Sphingomonadaceae","Sphingobium","Sphingobium_quisquiliarum",0.00201502156803518,"ASV_77"
"ASV_78","Bacteria","Proteobacteria","Betaproteobacteria","Unassigned","Unassigned","Unassigned","Unassigned",0.000781334853692098,"ASV_78"
"ASV_789","Bacteria","Proteobacteria","Betaproteobacteria","Neisseriales","Neisseriaceae","Crenobacter","Crenobacter_luteus",0.000837323404616848,"ASV_789"
"ASV_79","Bacteria","Proteobacteria","Betaproteobacteria","Unassigned","Unassigned","Unassigned","Unassigned",0.00177427345701902,"ASV_79"
"ASV_790","Bacteria","Planctomycetes","Planctomycetia","Planctomycetales","Planctomycetaceae","Unassigned","Unassigned",0.000927346066443277,"ASV_790"
"ASV_80","Bacteria","Actinobacteria","Actinobacteria","Actinomycetales","Micrococcaceae","Arthrobacter","Arthrobacter_cryotolerans",0.00221787162803465,"ASV_80"
"ASV_81","Bacteria","Proteobacteria","Alphaproteobacteria","Rhizobiales","Bradyrhizobiaceae","Bradyrhizobium","Bradyrhizobium_manausense",0.00141545825299509,"ASV_81"
"ASV_82","Bacteria","Proteobacteria","Alphaproteobacteria","Sphingomonadales","Erythrobacteraceae","Unassigned","Unassigned",0.00154592922337856,"ASV_82"
"ASV_83","Bacteria","Proteobacteria","Alphaproteobacteria","Rhizobiales","Unassigned","Unassigned","Unassigned",0.00126195482021199,"ASV_83"
"ASV_858","Bacteria","Unassigned","Unassigned","Unassigned","Unassigned","Unassigned","Unassigned",0.000807745384973244,"ASV_858"
"ASV_86","Bacteria","Unassigned","Unassigned","Unassigned","Unassigned","Unassigned","Unassigned",0.0015529809371954,"ASV_86"
"ASV_866","Bacteria","Gemmatimonadetes","Gemmatimonadetes","Gemmatimonadales","Gemmatimonadaceae","Gemmatimonas","Gemmatimonas_aurantiaca",0.00139174427183133,"ASV_866"
"ASV_87","Bacteria","Gemmatimonadetes","Gemmatimonadetes","Gemmatimonadales","Gemmatimonadaceae","Gemmatimonas","Gemmatimonas_aurantiaca",0.000733899890257037,"ASV_87"
"ASV_88","Bacteria","Acidobacteria","Acidobacteria_Gp6","Unassigned","Unassigned","Gp6","Unassigned",0.00127465167423772,"ASV_88"
"ASV_888","Bacteria","Latescibacteria","Unassigned","Unassigned","Unassigned","Latescibacteria_genera_incertae_sedis","Unassigned",0.000695225515776135,"ASV_888"
"ASV_9","Bacteria","Unassigned","Unassigned","Unassigned","Unassigned","Unassigned","Unassigned",0.00289137416646922,"ASV_9"
"ASV_92","Bacteria","Acidobacteria","Acidobacteria_Gp6","Unassigned","Unassigned","Gp6","Unassigned",0.000692076525874869,"ASV_92"
"ASV_93","Bacteria","Nitrospirae","Nitrospira","Nitrospirales","Nitrospiraceae","Nitrospira","Unassigned",0.00223000198998315,"ASV_93"
"ASV_947","Bacteria","Proteobacteria","Betaproteobacteria","Burkholderiales","Comamonadaceae","Unassigned","Unassigned",0.000718631920347778,"ASV_947"
"ASV_95","Bacteria","Bacteroidetes","Sphingobacteriia","Sphingobacteriales","Chitinophagaceae","Terrimonas","Terrimonas_lutea",0.00134273420154585,"ASV_95"
"ASV_96","Bacteria","Proteobacteria","Betaproteobacteria","Unassigned","Unassigned","Unassigned","Unassigned",0.001736424951026,"ASV_96"
"ASV_963","Bacteria","Actinobacteria","Actinobacteria","Gaiellales","Gaiellaceae","Gaiella","Gaiella_occulta",0.000850918091795756,"ASV_963"
